-- Major Regions
INSERT INTO region_main (id, region_name) VALUES ('NALCS', 'North American League Championship Series');
INSERT INTO region_main (id, region_name) VALUES ('EULCS', 'European League Championship Series');
INSERT INTO region_main (id, region_name) VALUES ('LCK', 'League Champions Korea');
INSERT INTO region_main (id, region_name) VALUES ('LPL', 'League of Legends Pro League');
INSERT INTO region_main (id, region_name) VALUES ('LMS', 'League of Legends Master Series');
INSERT INTO region_main (id, region_name) VALUES ('INT', 'International');


-- NALCS Teams
INSERT INTO team_main (id, team_name, region_id) VALUES ('CLG','Counter Logic Gaming','NALCS');
INSERT INTO team_main (id, team_name, region_id) VALUES ('TSM','Team SoloMid','NALCS');
INSERT INTO team_main (id, team_name, region_id) VALUES ('TL','Team Liquid','NALCS');
INSERT INTO team_main (id, team_name, region_id) VALUES ('C9','Cloud 9','NALCS');
INSERT INTO team_main (id, team_name, region_id) VALUES ('100T','100 Thieves','NALCS');
INSERT INTO team_main (id, team_name, region_id) VALUES ('GGS','Golden Guardians','NALCS');
INSERT INTO team_main (id, team_name, region_id) VALUES ('OPT','Optic Gaming','NALCS');
INSERT INTO team_main (id, team_name, region_id) VALUES ('FOX','Echo Fox','NALCS');
INSERT INTO team_main (id, team_name, region_id) VALUES ('FLY','FlyQuest','NALCS');
INSERT INTO team_main (id, team_name, region_id) VALUES ('CG','Clutch Gaming','NALCS');

-- EULCS Teams
INSERT INTO team_main (id, team_name, region_id) VALUES ('ROC','Roccat','EULCS');
INSERT INTO team_main (id, team_name, region_id) VALUES ('SPY','Splyce','EULCS');
INSERT INTO team_main (id, team_name, region_id) VALUES ('H2K','H2K','EULCS');
INSERT INTO team_main (id, team_name, region_id) VALUES ('MSF','Misfits Gaming','EULCS');
INSERT INTO team_main (id, team_name, region_id) VALUES ('UOL','Unicorns of Love','EULCS');
INSERT INTO team_main (id, team_name, region_id) VALUES ('G2','G2 Esports','EULCS');
INSERT INTO team_main (id, team_name, region_id) VALUES ('FNC','Fnatic','EULCS');
INSERT INTO team_main (id, team_name, region_id) VALUES ('GIA','Giants Gaming','EULCS');
INSERT INTO team_main (id, team_name, region_id) VALUES ('SO4','FC Schalke 04','EULCS');
INSERT INTO team_main (id, team_name, region_id) VALUES ('VIT','Team Vitality','EULCS');

-- LCK Teams
INSERT INTO team_main (id, team_name, region_id) VALUES ('SKT','SK telecom T1','LCK');
INSERT INTO team_main (id, team_name, region_id) VALUES ('KZ','KING-ZONE DragonX','LCK');
INSERT INTO team_main (id, team_name, region_id) VALUES ('HLE','Hanwha Life Esports','LCK');
INSERT INTO team_main (id, team_name, region_id) VALUES ('MVP','MVP','LCK');
INSERT INTO team_main (id, team_name, region_id) VALUES ('GEN','Gen.G','LCK');
INSERT INTO team_main (id, team_name, region_id) VALUES ('KT','kt Rolster','LCK');
INSERT INTO team_main (id, team_name, region_id) VALUES ('GRF','Griffin','LCK');
INSERT INTO team_main (id, team_name, region_id) VALUES ('JAG','Jin Air Green Wings','LCK');
INSERT INTO team_main (id, team_name, region_id) VALUES ('BBQ','bbq Olivers','LCK');
INSERT INTO team_main (id, team_name, region_id) VALUES ('AFS','Afreeca Freecs','LCK');

-- LPL Teams
INSERT INTO team_main (id, team_name, region_id) VALUES ('TOP','Topsports Gaming','LPL');
INSERT INTO team_main (id, team_name, region_id) VALUES ('WE','Team WE','LPL');
INSERT INTO team_main (id, team_name, region_id) VALUES ('OMG','Oh My God','LPL');
INSERT INTO team_main (id, team_name, region_id) VALUES ('FPX','FunPlus Phoenix','LPL');
INSERT INTO team_main (id, team_name, region_id) VALUES ('BLG','Bilibili Gaming','LPL');
INSERT INTO team_main (id, team_name, region_id) VALUES ('IG','Invictus Gaming','LPL');
INSERT INTO team_main (id, team_name, region_id) VALUES ('SNG','Suning Gaming','LPL');
INSERT INTO team_main (id, team_name, region_id) VALUES ('RNG','Royal Never Give Up','LPL');
INSERT INTO team_main (id, team_name, region_id) VALUES ('EDG','Edward Gaming','LPL');
INSERT INTO team_main (id, team_name, region_id) VALUES ('JDG','JD Gaming','LPL');

-- LMS Teams
INSERT INTO team_main (id, team_name, region_id) VALUES ('AFR','Team Afro','LMS');
INSERT INTO team_main (id, team_name, region_id) VALUES ('HKA','Hong Kong Attitude','LMS');
INSERT INTO team_main (id, team_name, region_id) VALUES ('GRX','G-Rex','LMS');
INSERT INTO team_main (id, team_name, region_id) VALUES ('MAD','MAD Team','LMS');
INSERT INTO team_main (id, team_name, region_id) VALUES ('JT','J Team','LMS');
INSERT INTO team_main (id, team_name, region_id) VALUES ('M17','Machi Esports','LMS');
INSERT INTO team_main (id, team_name, region_id) VALUES ('AHQ','ahq e-Sports Club','LMS');
INSERT INTO team_main (id, team_name, region_id) VALUES ('FW','Flash Wolves','LMS');

-- Tournaments
INSERT INTO tournament_main (region_id, year, split) VALUES ('NALCS',2018,'SUMMER');
INSERT INTO tournament_main (region_id, year, split) VALUES ('EULCS',2018,'SUMMER');
INSERT INTO tournament_main (region_id, year, split) VALUES ('LMS',2018,'SUMMER');
INSERT INTO tournament_main (region_id, year, split) VALUES ('LPL',2018,'SUMMER');
INSERT INTO tournament_main (region_id, year, split) VALUES ('LCK',2018,'SUMMER');
INSERT INTO tournament_main (region_id, year, split) VALUES ('INT',2018,'WORLDS');

-- Lookups
INSERT INTO clist_match_types (id, description) VALUES ('GROUPS', 'Group Stage');
INSERT INTO clist_match_types (id, description) VALUES ('REG', 'Regular Season');
INSERT INTO clist_sides (id) VALUES ('BLUE');
INSERT INTO clist_sides (id) VALUES ('RED');
INSERT INTO clist_players (id, name) VALUES ('STIXXAY','Stixxay');
INSERT INTO clist_roles (id, name) VALUES ('TOP', 'Top Lane');
INSERT INTO clist_roles (id, name) VALUES ('JNG', 'Jungle');
INSERT INTO clist_roles (id, name) VALUES ('MID', 'Mid Lane');
INSERT INTO clist_roles (id, name) VALUES ('ADC', 'ADC');
INSERT INTO clist_roles (id, name) VALUES ('SUP', 'Support');

INSERT INTO clist_champions(name, id) VALUES ('Aatrox','AATROX');
INSERT INTO clist_champions(name, id) VALUES ('Ahri','AHRI');
INSERT INTO clist_champions(name, id) VALUES ('Akali','AKALI');
INSERT INTO clist_champions(name, id) VALUES ('Alistar','ALISTAR');
INSERT INTO clist_champions(name, id) VALUES ('Amumu','AMUMU');
INSERT INTO clist_champions(name, id) VALUES ('Anivia','ANIVIA');
INSERT INTO clist_champions(name, id) VALUES ('Annie','ANNIE');
INSERT INTO clist_champions(name, id) VALUES ('Ashe','ASHE');
INSERT INTO clist_champions(name, id) VALUES ('Aurelion Sol','AURELION SOL');
INSERT INTO clist_champions(name, id) VALUES ('Azir','AZIR');
INSERT INTO clist_champions(name, id) VALUES ('Bard','BARD');
INSERT INTO clist_champions(name, id) VALUES ('Blitzcrank','BLITZCRANK');
INSERT INTO clist_champions(name, id) VALUES ('Brand','BRAND');
INSERT INTO clist_champions(name, id) VALUES ('Braum','BRAUM');
INSERT INTO clist_champions(name, id) VALUES ('Caitlyn','CAITLYN');
INSERT INTO clist_champions(name, id) VALUES ('Camille','CAMILLE');
INSERT INTO clist_champions(name, id) VALUES ('Cassiopeia','CASSIOPEIA');
INSERT INTO clist_champions(name, id) VALUES ('Cho''Gath','CHO GATH');
INSERT INTO clist_champions(name, id) VALUES ('Corki','CORKI');
INSERT INTO clist_champions(name, id) VALUES ('Darius','DARIUS');
INSERT INTO clist_champions(name, id) VALUES ('Diana','DIANA');
INSERT INTO clist_champions(name, id) VALUES ('Dr. Mundo','DR MUNDO');
INSERT INTO clist_champions(name, id) VALUES ('Draven','DRAVEN');
INSERT INTO clist_champions(name, id) VALUES ('Ekko','EKKO');
INSERT INTO clist_champions(name, id) VALUES ('Elise','ELISE');
INSERT INTO clist_champions(name, id) VALUES ('Evelynn','EVELYNN');
INSERT INTO clist_champions(name, id) VALUES ('Ezreal','EZREAL');
INSERT INTO clist_champions(name, id) VALUES ('Fiddlesticks','FIDDLESTICKS');
INSERT INTO clist_champions(name, id) VALUES ('Fiora','FIORA');
INSERT INTO clist_champions(name, id) VALUES ('Fizz','FIZZ');
INSERT INTO clist_champions(name, id) VALUES ('Galio','GALIO');
INSERT INTO clist_champions(name, id) VALUES ('Gangplank','GANGPLANK');
INSERT INTO clist_champions(name, id) VALUES ('Garen','GAREN');
INSERT INTO clist_champions(name, id) VALUES ('Gnar','GNAR');
INSERT INTO clist_champions(name, id) VALUES ('Gragas','GRAGAS');
INSERT INTO clist_champions(name, id) VALUES ('Graves','GRAVES');
INSERT INTO clist_champions(name, id) VALUES ('Hecarim','HECARIM');
INSERT INTO clist_champions(name, id) VALUES ('Heimerdinger','HEIMERDINGER');
INSERT INTO clist_champions(name, id) VALUES ('Illaoi','ILLAOI');
INSERT INTO clist_champions(name, id) VALUES ('Irelia','IRELIA');
INSERT INTO clist_champions(name, id) VALUES ('Ivern','IVERN');
INSERT INTO clist_champions(name, id) VALUES ('Janna','JANNA');
INSERT INTO clist_champions(name, id) VALUES ('Jarvan IV','JARVAN IV');
INSERT INTO clist_champions(name, id) VALUES ('Jax','JAX');
INSERT INTO clist_champions(name, id) VALUES ('Jayce','JAYCE');
INSERT INTO clist_champions(name, id) VALUES ('Jhin','JHIN');
INSERT INTO clist_champions(name, id) VALUES ('Jinx','JINX');
INSERT INTO clist_champions(name, id) VALUES ('Kai''Sa','KAI SA');
INSERT INTO clist_champions(name, id) VALUES ('Kalista','KALISTA');
INSERT INTO clist_champions(name, id) VALUES ('Karma','KARMA');
INSERT INTO clist_champions(name, id) VALUES ('Karthus','KARTHUS');
INSERT INTO clist_champions(name, id) VALUES ('Kassadin','KASSADIN');
INSERT INTO clist_champions(name, id) VALUES ('Katarina','KATARINA');
INSERT INTO clist_champions(name, id) VALUES ('Kayle','KAYLE');
INSERT INTO clist_champions(name, id) VALUES ('Kayn','KAYN');
INSERT INTO clist_champions(name, id) VALUES ('Kennen','KENNEN');
INSERT INTO clist_champions(name, id) VALUES ('Kha''Zix','KHA ZIX');
INSERT INTO clist_champions(name, id) VALUES ('Kindred','KINDRED');
INSERT INTO clist_champions(name, id) VALUES ('Kled','KLED');
INSERT INTO clist_champions(name, id) VALUES ('Kog''Maw','KOG MAW');
INSERT INTO clist_champions(name, id) VALUES ('LeBlanc','LEBLANC');
INSERT INTO clist_champions(name, id) VALUES ('Lee Sin','LEE SIN');
INSERT INTO clist_champions(name, id) VALUES ('Leona','LEONA');
INSERT INTO clist_champions(name, id) VALUES ('Lissandra','LISSANDRA');
INSERT INTO clist_champions(name, id) VALUES ('Lucian','LUCIAN');
INSERT INTO clist_champions(name, id) VALUES ('Lulu','LULU');
INSERT INTO clist_champions(name, id) VALUES ('Lux','LUX');
INSERT INTO clist_champions(name, id) VALUES ('Malphite','MALPHITE');
INSERT INTO clist_champions(name, id) VALUES ('Malzahar','MALZAHAR');
INSERT INTO clist_champions(name, id) VALUES ('Maokai','MAOKAI');
INSERT INTO clist_champions(name, id) VALUES ('Master Yi','MASTER YI');
INSERT INTO clist_champions(name, id) VALUES ('Miss Fortune','MISS FORTUNE');
INSERT INTO clist_champions(name, id) VALUES ('Mordekaiser','MORDEKAISER');
INSERT INTO clist_champions(name, id) VALUES ('Morgana','MORGANA');
INSERT INTO clist_champions(name, id) VALUES ('Nami','NAMI');
INSERT INTO clist_champions(name, id) VALUES ('Nasus','NASUS');
INSERT INTO clist_champions(name, id) VALUES ('Nautilus','NAUTILUS');
INSERT INTO clist_champions(name, id) VALUES ('Nidalee','NIDALEE');
INSERT INTO clist_champions(name, id) VALUES ('Nocturne','NOCTURNE');
INSERT INTO clist_champions(name, id) VALUES ('Nunu','NUNU');
INSERT INTO clist_champions(name, id) VALUES ('Olaf','OLAF');
INSERT INTO clist_champions(name, id) VALUES ('Orianna','ORIANNA');
INSERT INTO clist_champions(name, id) VALUES ('Ornn','ORNN');
INSERT INTO clist_champions(name, id) VALUES ('Pantheon','PANTHEON');
INSERT INTO clist_champions(name, id) VALUES ('Poppy','POPPY');
INSERT INTO clist_champions(name, id) VALUES ('Pyke','PYKE');
INSERT INTO clist_champions(name, id) VALUES ('Quinn','QUINN');
INSERT INTO clist_champions(name, id) VALUES ('Rakan','RAKAN');
INSERT INTO clist_champions(name, id) VALUES ('Rammus','RAMMUS');
INSERT INTO clist_champions(name, id) VALUES ('Rek''Sai','REK SAI');
INSERT INTO clist_champions(name, id) VALUES ('Renekton','RENEKTON');
INSERT INTO clist_champions(name, id) VALUES ('Rengar','RENGAR');
INSERT INTO clist_champions(name, id) VALUES ('Riven','RIVEN');
INSERT INTO clist_champions(name, id) VALUES ('Rumble','RUMBLE');
INSERT INTO clist_champions(name, id) VALUES ('Ryze','RYZE');
INSERT INTO clist_champions(name, id) VALUES ('Sejuani','SEJUANI');
INSERT INTO clist_champions(name, id) VALUES ('Shaco','SHACO');
INSERT INTO clist_champions(name, id) VALUES ('Shen','SHEN');
INSERT INTO clist_champions(name, id) VALUES ('Shyvana','SHYVANA');
INSERT INTO clist_champions(name, id) VALUES ('Singed','SINGED');
INSERT INTO clist_champions(name, id) VALUES ('Sion','SION');
INSERT INTO clist_champions(name, id) VALUES ('Sivir','SIVIR');
INSERT INTO clist_champions(name, id) VALUES ('Skarner','SKARNER');
INSERT INTO clist_champions(name, id) VALUES ('Sona','SONA');
INSERT INTO clist_champions(name, id) VALUES ('Soraka','SORAKA');
INSERT INTO clist_champions(name, id) VALUES ('Swain','SWAIN');
INSERT INTO clist_champions(name, id) VALUES ('Syndra','SYNDRA');
INSERT INTO clist_champions(name, id) VALUES ('Tahm Kench','TAHM KENCH');
INSERT INTO clist_champions(name, id) VALUES ('Taliyah','TALIYAH');
INSERT INTO clist_champions(name, id) VALUES ('Talon','TALON');
INSERT INTO clist_champions(name, id) VALUES ('Taric','TARIC');
INSERT INTO clist_champions(name, id) VALUES ('Teemo','TEEMO');
INSERT INTO clist_champions(name, id) VALUES ('Thresh','THRESH');
INSERT INTO clist_champions(name, id) VALUES ('Tristana','TRISTANA');
INSERT INTO clist_champions(name, id) VALUES ('Trundle','TRUNDLE');
INSERT INTO clist_champions(name, id) VALUES ('Tryndamere','TRYNDAMERE');
INSERT INTO clist_champions(name, id) VALUES ('Twisted Fate','TWISTED FATE');
INSERT INTO clist_champions(name, id) VALUES ('Twitch','TWITCH');
INSERT INTO clist_champions(name, id) VALUES ('Udyr','UDYR');
INSERT INTO clist_champions(name, id) VALUES ('Urgot','URGOT');
INSERT INTO clist_champions(name, id) VALUES ('Varus','VARUS');
INSERT INTO clist_champions(name, id) VALUES ('Vayne','VAYNE');
INSERT INTO clist_champions(name, id) VALUES ('Veigar','VEIGAR');
INSERT INTO clist_champions(name, id) VALUES ('Vel''Koz','VEL KOZ');
INSERT INTO clist_champions(name, id) VALUES ('Vi','VI');
INSERT INTO clist_champions(name, id) VALUES ('Viktor','VIKTOR');
INSERT INTO clist_champions(name, id) VALUES ('Vladimir','VLADIMIR');
INSERT INTO clist_champions(name, id) VALUES ('Volibear','VOLIBEAR');
INSERT INTO clist_champions(name, id) VALUES ('Warwick','WARWICK');
INSERT INTO clist_champions(name, id) VALUES ('Wukong','WUKONG');
INSERT INTO clist_champions(name, id) VALUES ('Xayah','XAYAH');
INSERT INTO clist_champions(name, id) VALUES ('Xerath','XERATH');
INSERT INTO clist_champions(name, id) VALUES ('Xin Zhao','XIN ZHAO');
INSERT INTO clist_champions(name, id) VALUES ('Yasuo','YASUO');
INSERT INTO clist_champions(name, id) VALUES ('Yorick','YORICK');
INSERT INTO clist_champions(name, id) VALUES ('Zac','ZAC');
INSERT INTO clist_champions(name, id) VALUES ('Zed','ZED');
INSERT INTO clist_champions(name, id) VALUES ('Ziggs','ZIGGS');
INSERT INTO clist_champions(name, id) VALUES ('Zilean','ZILEAN');
INSERT INTO clist_champions(name, id) VALUES ('Zoe','ZOE');
INSERT INTO clist_champions(name, id) VALUES ('Zyra','ZYRA');

-- Blank Inserts
INSERT INTO match_main (team_one_id, team_two_id, tournament_id, match_type, week) VALUES (?,?,?,?,?);
INSERT INTO game_main (match_id, game_number, side, team_id, winner, game_time, gold, kills, towers, inhibs, barons, dragons) VALUES (?,?,?,?,?,?,?,?,?,?,?,?);
INSERT INTO game_bans (game_id, side, ban_number, champion_id) VALUES (?,?,?,?);
INSERT INTO game_picks (game_id, side, pick_number, champion_id, role) VALUES (?,?,?,?,?);
INSERT INTO game_players (game_id, side, role, player) VALUES (?,?,?,?);